<?xml version="1.0" encoding="UTF-8" ?>
<!DOCTYPE mapper PUBLIC "-//mybatis.org//DTD Mapper 3.0//EN" "http://mybatis.org/dtd/mybatis-3-mapper.dtd" >
<mapper namespace="edu.scut.dao.CostMapper">
    <insert id="insertOrder" parameterType="Object" useGeneratedKeys="true" keyProperty="id" keyColumn="ID">
     INSERT INTO t_cost_order(DATE, SPELL, NAME, MONEY, SUPPLIER, REMARK, ISDELETE)
     VALUES (#{date}, #{spell}, #{name}, #{money}, #{supplier}, #{remark}, 0)
 </insert>

    <insert id="insertCost" parameterType="Object" useGeneratedKeys="true" keyProperty="id" keyColumn="ID">
        INSERT INTO t_cost(SPELL, NAME, SUPPLIER)
        VALUES (#{spell}, #{name}, #{supplier})
    </insert>

    <update id="updateCost" parameterType="Object">
        UPDATE t_cost SET SPELL = #{spell},
        NAME = #{name},
        SUPPLIER = #{supplier}
        WHERE ID = #{id}
    </update>

    <delete id="deleteCost" parameterType="int">
        DELETE FROM t_cost WHERE ID = #{id}
    </delete>

    <select id="queryCost" parameterType="Object" resultType="java.util.Map">
        SELECT ID id, SPELL spell, NAME name, SUPPLIER supplier
        FROM t_cost
        LIMIT #{startRow}, #{size}
    </select>

    <select id="selectCostCount" resultType="int">
        SELECT count(*)
        FROM t_cost
    </select>

    <select id="queryCostOrder" resultType="java.util.Map">
        SELECT ID id, DATE date, SPELL spell, NAME name, MONEY money, SUPPLIER supplier, ISDELETE isDelete, REMARK remark
        FROM t_cost_order
        WHERE DATE &gt;= #{startDate}
        AND DATE &lt;= #{endDate}
        <if test="delete != null and delete != ''">
          AND ISDELETE = #{delete}
        </if>
    </select>

    <update id="invalidCostOrder">
        UPDATE t_cost_order SET ISDELETE = 1
        WHERE ID = #{id}
    </update>

    <select id="searchCost" parameterType="String" resultType="java.util.Map">
        SELECT ID id, SPELL spell, NAME name, SUPPLIER supplier
        FROM t_cost
        WHERE
	ID LIKE CONCAT(#{key}, '%')
  OR SPELL LIKE CONCAT(#{key}, '%');
    </select>

</mapper>