<?xml version="1.0" encoding="UTF-8"?>
<beans xmlns="http://www.springframework.org/schema/beans"
	   xmlns:context="http://www.springframework.org/schema/context"
	   xmlns:xsi="http://www.w3.org/2001/XMLSchema-instance" xmlns:mvc="http://www.springframework.org/schema/mvc"
	   xsi:schemaLocation="http://www.springframework.org/schema/beans
      http://www.springframework.org/schema/beans/spring-beans-3.0.xsd
      http://www.springframework.org/schema/context
      http://www.springframework.org/schema/context/spring-context.xsd http://www.springframework.org/schema/mvc http://www.springframework.org/schema/mvc/spring-mvc.xsd">

	<!-- 开发使用配置 -->
	<context:property-placeholder location="classpath:conf/db.properties" />
 
	<!-- 扫描文件（自动将action层注入） -->
	<context:component-scan base-package="edu.scut.dao" />
	<context:component-scan base-package="edu.scut.service" />
   <context:component-scan base-package="edu.scut.controller" />

	<bean class="org.springframework.web.servlet.view.InternalResourceViewResolver">
		<property name="prefix" value="/WEB-INF/" />
		<property name="suffix" value=".html" /><!--可为空,方便实现自已的依据扩展名来选择视图解释类的逻辑 -->
	</bean>

	<mvc:resources mapping="/bower_components/**" location="/bower_components/" />
	<mvc:resources mapping="/dist/**" location="/dist/" />
	<mvc:resources mapping="/distCom/**" location="/distCom/" />
	<mvc:resources mapping="/js/**" location="/js/" />
	<mvc:resources mapping="/lib/**" location="/lib/" />
	<mvc:resources mapping="/bower_components/font-awesome/fonts/**" location="/bower_components/font-awesome/fonts/" />
	<mvc:resources mapping="/bower_components/metisMenu/dist/**" location="/bower_components/metisMenu/dist/" />
	<mvc:resources mapping="/bower_components/bootstrap/dist/js/**" location="/bower_components/bootstrap/dist/js/" />
	<mvc:resources mapping="/bower_components/jquery/dist/**" location="/bower_components/jquery/dist/" />
	<mvc:resources mapping="/bower_components/font-awesome/css/**" location="/bower_components/font-awesome/css/" />
	<mvc:resources mapping="/bower_components/metisMenu/dist/**" location="/bower_components/metisMenu/dist/" />
	<mvc:resources mapping="/bower_components/bootstrap/dist/css/**" location="/bower_components/bootstrap/dist/css/" />

</beans>